name;cut;type;buffer;temperature
Acc65I;G^GTACC;sticky;3.1;37
AflII;C^TTAAG;sticky;CS/2.1;37
AflIII;A^CRYGT;sticky;3.1;37
AgeI-HF;A^CCGGT;sticky;CS/1.1;37
AhdI;GACNNN^NNGTC;sticky;CS;37
AluI;AG^CT;blunt;CS/2.1;37
AlwNI;CAGNNN^CTG;sticky;CS/2.1;37
ApaI;GGGCC^C;sticky;CS;25
ApaLI;G^TGCAC;sticky;CS/1.1/2.1;37
AscI;GG^CGCGCC;sticky;CS;37
AseI;AT^TAAT;sticky;3.1;37
AsiSI;GCGAT^CGC;sticky;CS/1.1/2.1;37
AvaI;C^YCGRG;sticky;CS/2.1;37
BamHI-HF;C^GATCC;sticky;CS/1.1;37
BanI;G^GYRCC;sticky;CS;37
BclI;T^GATCA;sticky;2.1/3.1;50
BfaI;C^TAG;sticky;CS;37
BglI;GCCNNNN^NGGC;sticky;3.1;37
BglII;A^GATCT;sticky;3.1;37
Bpu10I;CC^TNAGC;sticky;3.1;37
BspHI;T^CATGA;sticky;CS;37
BsrGI;T^GTACA;sticky;2.1/3.1;37
BstBI;TT^CGAA;sticky;CS/2.1;65
BstEII;G^GTNACC;sticky;3.1;60
BstNI;CC^WGG;sticky;2.1/3.1;60
BstXI;CCANNNNN^NTGG;sticky;3.1;37
ClaI;AT^CGAT;sticky;CS;37
DpnI;GA^TC;blunt;CS/1.1/2.1;37
DraI;TTT^AAA;blunt;CS;37
DraIII-HF;CACNNN^GTG;sticky;CS;37
EagI;C^GGCCG;sticky;3.1;37
Eco47III;AGC^GCT;blunt;CS;37
EcoNI;CCTNN^NNNAGG;sticky;CS/2.1;37
EcoRI-HF;G^AATTC;sticky;CS/2.1;37
EcoRV-HF;GAT^ATC;blunt;CS/2.1/3.1;37
FspI;TGC^GCA;blunt;CS/2.1;37
HaeIII;GG^CC;blunt;CS/2.1;37
HincII;GTY^RAC;blunt;CS/2.1/3.1;37
HindIII-HF;A^AGCTT;sticky;CS/2.1;37
HinfI;G^ANTC;sticky;CS/2.1/3.1;37
HpaI;GTT^AAC;blunt;CS;37
HpaII;C^CGG;sticky;CS/1.1;37
KpnI-HF;GGTAC^C;sticky;1.1;37
MfeI HF;C^AATTG;sticky;CS;37
MluI;A^CGCGT;sticky;3.1;37
MscI;TGG^CCA;blunt;3.1;37
MseI;T^TAA;sticky;CS/2.1;37
NaeI;GCC^GGC;blunt;CS;37
NarI;GG^CGCC;sticky;CS/1.1/2.1;37
NcoI;C^CATGG;sticky;CS/2.1;37
NdeI;CA^TATG;sticky;CS/2.1/3.1;37
NheI-HF;G^CTAGC;sticky;CS/1.1;37
NotI-HF;GC^GGCCGC;sticky;CS/2.1;37
NruI;TCG^CGA;blunt;3.1;37
NsiI;ATGCA^T;sticky;3.1;37
PacI;TTAAT^TAA;sticky;CS/1.1;37
PciI;A^CATGT;sticky;3.1;37
PfiMI;CCANNNN^NTGG;sticky;2.1/3.1;37
PmeI;GTTT^AAAC;blunt;CS;37
PmlI;CAC^GTG;blunt;CS/1.1;37
PstI-HF;CTGCA^G;sticky;CS;37
PvuI-HF;CGAT^CG;sticky;CS/2.1/3.1;37
PvuII-HF;CAG^CTG;blunt;CS;37
SacI-HF;GAGCT^C;sticky;CS;37
SacII;CCGC^GG;sticky;CS/2.1;37
SalI-HF;C^TCGAC;sticky;CS/2.1/3.1;37
Sau3AI;^GATC;end;CS/1.1;37
ScaI-HF;AGT^ACT;blunt;CS/1.1/2.1;37
SexAI;A^CCWGGT;sticky;CS/1.1;37
SfiI;GGCCNNNN^NGGCC;sticky;CS/2.1;50
SfoI;GGC^GCC;blunt;CS/2.1/3.1;37
SmaI;CCC^GGG;blunt;CS;25
SnaBI;TAC^GTA;blunt;CS;37
SpeI-HF;A^CTAGT;sticky;CS;37
SphI-HF;GCATG^C;sticky;CS/1.1/2.1;37
SspI-HF;AAT^ATT;blunt;CS/2.1;37
StuI;AGG^CCT;blunt;CS/2.1;37
XbaI;T^CTAGA;sticky;CS/2.1;37
XcmI;CCANNNNN^NNNNTGG;sticky;CS/2.1;37
XhoI;C^TCGAG;sticky;CS/2.1/3.1;37
XmaI;C^CCGG;sticky;CS;37
